x1,x2,x3,y
-1.0,0.32726841189754285,0.5339584905226804,-4.622176301794802
0.4146451813510863,0.959740240281231,0.1600198237978765,6.54684133927934
0.9944172527701167,-0.4499577299382078,0.4733775552788466,4.334672336551604
-0.602703896454003,0.3213806099239287,-0.4551163905252884,-1.8629529698941116
0.03964499731781235,0.5873441969889146,-0.16763555414146247,0.45903207943374463
-0.3772443428360932,0.8178212475352944,1.0,9.81556659362878
-0.11751823722211174,-0.2940691606822359,0.22212695064714616,-0.009979598213314289
-1.0,-0.41381302320300173,0.8371241898214274,3.8826802415445654
-0.23644918504253987,1.0,-0.7681400063303645,7.616925754831812
-0.2975567385670601,-0.7474057873337498,0.2573610353562821,1.2175149727723462
-0.19720304782591191,-0.8141352067170917,-0.7536599659384025,-2.3330105984333143
-0.06778283886632885,0.9105024535772388,1.0,10.591974111004669
-0.1871243022487692,-1.0,0.4520439131057916,1.7912096673255558
-0.2867189806766379,-0.12015188635688978,-1.0,-2.587869303558794
-0.0544369720759148,-0.03656035057589757,0.1446260521043099,0.41564928334524226
-0.01930383058827423,0.010733208103736791,-1.0,-3.213622441758894
0.14519681428433917,-1.0,0.3053677197145188,1.5430303075343066
0.19471541715472784,-1.0,-0.8005264659282374,-7.8821432084538525
0.3188121023198569,0.4191411490485881,-0.28673359058580616,1.1690698713644612
0.27288958299435606,0.4622364781012047,0.8138687370412485,1.4265012431548487
-0.24171798105722786,-0.9588230745145767,-0.15797408405164037,2.6169499447834763
0.839301700636276,0.5424225709353379,-0.10528471569444475,2.8846980443279153
1.0,-0.6511739846098674,1.0,2.0239292877010806
-0.7180689480616949,0.8125356552832605,0.5576227551793078,-0.649219950834095
-0.3717571931322916,0.8992293070257658,1.0,11.59616877911787
0.4815282525301614,-0.4248749389167401,0.41410656544170266,1.747555699820147
-0.06063882869700765,-1.0,-1.0,-16.263628266642733
0.1070661041888239,0.434522026049027,1.0,2.6999770872870386
0.5310909238678991,-0.06328656159076207,-0.29142775461477854,0.7292946196951492
0.19201070354143734,-0.26494848431551254,-0.9287814819109297,-1.8148649632566776
-0.537349246637894,1.0,-0.059426308186384835,4.962727702771633
1.0,0.03528335845359187,-0.18736974807275142,4.087579762630659
-0.5691666716076498,0.425897599538404,0.03783589704466017,-1.5688011405664517
0.8207474857837498,-1.0,-0.7847979610261802,-13.734692473584111
0.012558535976512353,-0.11050666663776543,0.5744746328177568,0.7617813593968836
1.0,-0.23248347685414505,-0.26936034682301124,4.225196347624292
0.3762680079776164,-0.05029108646408753,0.9197496775258329,-0.2450751886857972
0.07657464053356389,-1.0,-0.17711573743036846,1.6012292373104429
0.10413371070119304,0.3631245195436579,-0.18332977510956527,-0.1145085749188044
0.17931313978459018,-0.15669368572337672,-0.08205965020003037,1.0604992099804877
0.8111297890326254,-1.0,0.4107043541185129,-3.1110681390043164
0.46678302388003234,-0.6408309479640333,-0.0038774904086302797,1.239550608258428
-1.0,-1.0,0.8266493697824873,17.562018921966548
1.0,0.6467938157146991,-0.172523859883142,6.7492701148188425
-1.0,-0.27870259368795236,1.0,5.852403237224657
-0.27634785917955185,0.21998975078467486,-0.6968678739848084,0.6443535754177057
0.04146927210386564,-0.10126915184502816,1.0,0.34348466490480145
-1.0,0.3079152293190546,0.6535979577564286,-4.072452301446187
-1.0,0.12594835602211996,0.9808591193594862,2.1960120794207176
-0.5001293895706014,0.9427934704138319,-0.5198761456659153,3.071811278029838
0.07454486565037088,-0.721728866311546,-0.644558957047418,-0.11367410159846253
-0.04434414379748719,0.733731192079488,-1.0,-3.825758097783193
-0.6224719697303989,0.5528801977353146,-0.45003178493217866,-1.4506026483979602
-0.1867718502735376,-0.33026770496441094,-0.6040324548490084,0.9167132097576001
-0.9304234550333164,1.0,-0.32009810509941183,7.907845543583324
-1.0,-0.9363722729585917,-0.566506009260934,3.7643128528118472
-0.1486274867502293,-0.005636103962067818,-0.1137157873611252,0.6002940956078173
0.1116216769478533,0.059041455992845604,0.9615562911819322,-0.012592586603179495
1.0,-0.08600418201999416,-0.2685961406410806,4.00689277974724
-0.9936673246718521,0.2579976203010983,-0.47767253154951783,-0.9409261097812243
-1.0,0.2600060387267962,-0.4867972309745303,-1.1080940531902514
0.511158138843061,-1.0,-0.8725537407276371,-13.400309205812363
0.47435725140598417,-1.0,-0.876082171817014,-13.98012686196015
1.0,-0.23168616045050117,-0.0003775581656724203,4.650950460630472
0.40525167238913506,-0.9393552447049003,-0.45854267891769673,-0.16387630575682255
-0.6252678405682677,-0.10758725645286393,-0.4457246984438241,0.29543010388239016
-0.08190898107419753,-0.7555232973100947,-0.9676509799308795,-7.1956177656399944
0.21766860209563954,-0.250328398609974,-0.6495797052987444,0.3789438583987288
1.0,0.42751955245832995,0.05957539832555625,5.661333002630463
0.9927988038451754,-0.7190394163380243,0.8524892842096621,2.831146929572402
0.1517708017366044,-1.0,1.0,-7.292828356297687
-0.2534833566789765,1.0,-1.0,1.5753928253374305
0.8572060859530832,1.0,-0.47717726334557464,13.881666356124054
-0.8683241224478953,-0.34496546364969327,0.20985643006180643,-0.92431688506539
-0.4099870164858703,-0.18855599302979043,-0.7741836009554581,0.09115119434751087
-1.0,-1.0,0.8680703960192317,18.403813809617816
-0.692734472108868,1.0,-0.38789590622934234,4.808543722640428
0.9987723814675473,0.6776273908105632,-0.5847027026966225,7.820027912252655
-1.0,0.9213901322292135,1.0,15.030574533789862
-0.14825669235133487,0.6621889558578755,-1.0,-3.5483257134204855
0.00670728483118288,-1.0,0.024168065518216153,1.7685934733041795
-1.0,0.4630326948801371,1.0,4.869480352801707
0.7725985482962674,1.0,1.0,13.641719041759917
0.9079928633157761,-0.39290871738783806,-1.0,-1.076340442776159
1.0,-0.6314020342893603,-1.0,-1.4738055407022348
1.0,0.8513441861407134,0.06209630642806441,10.386989878639024
-0.40384747392684406,-1.0,0.7823624312766966,-0.6678809045259873
0.36243198419484024,-0.9215978664956563,0.2266511807779663,1.766407770873079
-0.8601473826788775,0.14672444892239467,-0.9624275831524849,5.6710703171398835
0.2685735226604389,0.15846043835843315,-1.0,-2.2956074467513443
-0.09377109113205107,-1.0,0.6177212148138158,0.9271794562370064
0.9282122427623432,-0.5390072948696731,1.0,1.5385862406248834
1.0,-0.934105183579454,-0.13789040851450074,-3.4310674079769425
0.46777379626542803,1.0,0.34216169858754575,6.313963779023974
-0.7064982466926664,0.9097369052184017,-0.031178648340822068,0.7774177569776688
-0.0938108534356501,-1.0,-0.21795095882525506,2.326383557492966
1.0,0.745229508549653,-0.9022494460247972,14.433126879282042
-1.0,-0.4445758020565098,0.6132222497837878,1.3321056036428591
-1.0,0.10505741159555515,-1.0,12.39568966252567
0.9629356457897877,1.0,0.051024725252669656,13.215873158228861
-1.0,0.3454219380604928,1.0,3.8631327048778186
-1.0,-0.5947403343809241,-0.48270777069063353,-0.3481131001893187
1.0,1.0,-0.5167450957599087,21.04354475554169
-0.1463867415389608,-0.30791542538187455,0.12579531990502724,1.0366832562009618
-0.3000415249526476,0.3218625871085692,0.3863764305109858,-0.5894410268664334
0.2356761043620066,-0.7206512862076075,0.6996966390783812,-0.6805331872026875
1.0,1.0,0.153890614371889,13.529613832378544
-0.8036807245364592,-1.0,0.6363508633571597,6.767189799381244
-1.0,-0.9899175801779441,-0.04469400400998458,7.355522816277298
-0.2712134174792806,-0.22099323487798817,-0.04284003842476314,0.08899118620359264
-1.0,0.5597467224080739,-1.0,17.75930618890346
-0.5976755566574807,-0.6667354207045442,0.2247407598378499,1.5811408172006318
-0.5862237064329858,1.0,-1.0,0.314149352374952
1.0,-0.2886450711937041,-0.2783836097915733,3.932170428760135
-0.7494040729646982,0.900685664023684,-0.5265482943276465,1.1153205096499161
-0.37275749636058153,0.37050878124818776,-1.0,-2.7331838461359617
-1.0,-0.9646078228682005,-0.873546116167337,3.0518046922005317
-0.2955013895128624,0.4366798967868539,-0.7869773883456972,-1.909969445844013
1.0,-1.0,-0.8839834600130929,-21.318103577982928
-0.6131765318780957,1.0,-1.0,0.2639234494846425
1.0,-1.0,0.750248004727641,-6.02422438308001
-0.4253345104617732,-1.0,1.0,-3.4855712883640804
-0.887565956309176,-0.7766795489499427,-0.27176195003103687,2.1141804166396403
-0.5330883873778491,-1.0,-0.8689229788418495,-6.356664074403754
-1.0,0.5125296789067275,-0.553815978728224,2.279005630585871
-1.0,-0.9407047377124815,0.8894365972648575,17.71235096410847
0.5154455390560753,0.6540276914483787,0.898109641804643,4.193550991420744
-1.0,0.967525788992649,0.18333691012705122,3.5129139811462147
-1.0,1.0,1.0,16.95223785229306
-0.1441558820022324,0.6380478083532741,1.0,5.478320385271378
0.2888058999057168,0.736483575375489,0.7738400825164755,3.408358003898463
1.0,1.0,-0.36529166839677485,17.315606825911264
-0.35650681431435216,-0.7222373709817913,-0.13197573627853276,1.6954762180090563
0.13055989500938336,1.0,-0.7546959491245266,9.51082165505758
1.0,-0.5644251752684439,-0.06162201050288485,4.186288801929823
0.09333922481833312,-0.712457151901035,-0.09576316133476648,1.6487259391995335
-1.0,-0.8181284002227984,0.006901817734610072,4.597383579470865
-0.39190050246933117,-0.6386552005827895,0.19517696058370482,1.437163965025102
0.8754839888346744,1.0,0.383904067329361,7.678239631877669
1.0,-0.08769641007643636,-0.5615444516851407,5.702006340948725
0.2446742784046685,1.0,1.0,11.088865884533625
1.0,-0.7850836519650437,1.0,-0.5772565786591326
-1.0,-0.7419270528997781,0.9308921873766558,13.417375454002709
-1.0,0.12139839267840458,0.836507805731268,-1.7652885975071784
-0.894272274381332,-0.3534638250875144,0.3890053607774444,0.1548759766580865
-1.0,0.28071710895234436,1.0,3.150680742191645
-0.27762809866694615,0.21350588975903717,0.34840831747324663,-0.7039901067503007
-0.5146435805305185,-0.9824918856893952,0.45682414262231297,2.919811081148629
0.37521772443228874,-1.0,0.4544440622620105,0.48352972174716097
-0.9414476052674259,-0.1265466903457193,0.47847897695476327,-1.7117895573110191
0.9471016314325451,-0.45304414335045573,0.0312741342504852,3.12995273480974
0.65794950195792,1.0,-0.660627995534353,12.300767103353534
-0.867372945526756,1.0,0.7769219756663259,3.446391279168796
-0.7388205651378459,0.5017006718459047,0.3948224486181955,-2.5779342181383433
0.00012541993810089025,0.15661682541385402,-0.005831829282823886,0.3944085394300244
1.0,-0.32080704307101593,-0.1583829123584808,3.8512375297375763
-0.26636207081519925,-1.0,-0.3212808808552208,2.1249107646187597
-0.8202275912222448,1.0,1.0,15.602772785808229
0.3566227860434368,-1.0,0.9998655864764165,-6.710525511195914
0.7851831804726508,0.30760635741993414,-0.07831234786188301,2.5726377660828703
-1.0,0.41924172193603604,0.23754373397426676,-4.331466491124557
0.712846194912937,-0.4884933308018202,-1.0,-4.952005835424498
-0.4720974802610629,0.9242991956675799,0.06856724877451903,3.483142744536515
0.8560755931483846,-1.0,-1.0,-27.71435615355122
0.016141875085865953,-1.0,0.49194464403884974,0.5864344882957115
1.0,0.47389794916560013,-0.3315243200186595,4.56530245244304
0.13650093759535809,-0.32876174118060564,-0.7857799669803909,-0.959014154811113
1.0,0.024214963197410233,0.11634982758931067,5.474296397757413
-1.0,-1.0,0.6799090887312886,15.469985638587453
1.0,0.9392355346947352,0.13018027883301242,12.148918489937895
0.53345134474976,-0.07198795343771947,0.5449511233207602,1.9964559235456372
1.0,-0.20566371588772503,-1.0,6.180741194393954
1.0,0.5793784943394011,0.3055064480696321,7.671892097844661
1.0,-0.20378896899534005,0.28772520914371524,4.925272563077442
-0.5871058281184134,1.0,-0.08912441495291379,5.19485060718988
-0.26461161342487927,-0.45019102238684483,1.0,-0.6697001984762352
0.09196171790449492,0.7624764154002475,1.0,7.560719083206329
-1.0,-0.9626055691725912,-0.2902654429115701,5.6349376525916455
1.0,-0.045155406415290145,1.0,11.55819004031458
1.0,-0.4034033355955813,-0.2919968373174222,4.362164746428489
0.8768266482289899,-0.8219336715894234,1.0,-3.528063869613652
1.0,0.15185640987564053,0.6841333229486461,9.544224459242239
1.0,0.3857556969486611,-0.3029237856453906,4.996932433178002
0.837081474193049,-0.057709832779229364,-0.3383312844933424,2.3853738773214395
0.06240191321784905,0.3871222064346709,0.9396592767997318,1.782865789111471
-1.0,-0.1991403654496231,-0.5812358156000534,-1.3268194181604376
1.0,1.0,0.8922224326430226,21.01932550600685
-0.6649970581406581,0.17193986802379868,0.42608870734308435,-1.134867466367179
-1.0,-0.2548490220901085,-0.17281921308303416,-2.7107325682795387
-0.30902254774229587,-0.18310395383510092,-0.698894639996553,0.8748683763538183
0.9903409770999563,-1.0,-1.0,-29.530396495323377
-1.0,-1.0,1.0,21.96467515928405
1.0,-0.20827271284568294,0.4375703247356093,6.187408242495416
0.147746044810519,-0.03160231833583316,-0.7230153154864807,0.6525324755403491
-0.6566810122386739,0.28447856107884895,-0.17186226261393434,-1.5570002759006167
1.0,0.7945430044510762,-0.737828927007103,12.185016103585156
0.4158306288688438,0.8890437712475188,-1.0,0.2439671400211021
1.0,0.2579562011783034,1.0,16.582497466536854
0.4573311465855112,-0.12252772246459087,0.00788537074333795,2.055365015694137
0.3446106276592922,0.36804373231231935,0.3815240671506841,0.8455955013826856
0.5319495145185826,-0.6917880795674525,1.0,-4.113742766230316
1.0,0.45519407058771844,1.0,21.419575360339618
-1.0,-0.864657755521576,1.0,18.91769595303955
0.6389013938949764,-0.8126508630511475,0.32230760805761016,0.546735676070593
0.1741242291231122,0.3184944698623533,-0.6406336656005029,0.46819047749009135
-0.7076227729687914,-0.4076368558087142,0.6320194818996514,1.595804387038097
-0.39297853803064875,0.6406811214740795,-0.17559758695039052,-0.6751069385490206
-0.7040286556665558,-0.8022118157879026,-0.28307897823253914,3.0059543236924275
0.44748721372888745,-0.7837830797510374,-1.0,-11.425825261051132
1.0,-0.14074889250554623,0.12274877750801094,5.0924769062887965
-0.3242796556454177,0.3235430485058701,-1.0,-3.0968558085102424
-0.9714303665806632,1.0,0.28495809772962133,4.2681178860702556
0.20409278561376198,-0.04152929091085,0.9444842776902931,-0.7925786211788306
-1.0,-0.28087032941920875,0.5258457189450432,-2.010415872599746
-0.45340804405694346,1.0,0.3971488486149468,5.415910024739597
-0.8021596893864373,1.0,0.26125297770951716,2.4486559372533496
0.6430663076056433,-0.23742450721240282,-1.0,-3.59319122648664
-1.0,-1.0,1.0,21.7971109156102
-1.0,0.49791856912168675,-0.6737684100352352,3.0819297346580363
-0.0882533826445262,-0.1917760339521275,0.09729388447226617,0.3542240263652767
0.29304267384305116,-1.0,0.7617086335616652,-2.030297411078881
-0.7442370078658844,0.5801323609608908,-0.5010814120840441,-1.3859223267352014
-1.0,0.2817977196506969,-0.43959257878185154,-1.1678755684157585
0.09220820798880647,-0.5634785532180635,0.11321549277330445,1.7685958713780885
0.8231382914819478,-1.0,0.15655478029212233,-4.056442281751204
-0.3270031931436508,0.29489747625897045,-0.10318843343233208,-0.5497440943191393
-0.6551272380468176,0.05383415826836124,-0.688853109762513,0.18730928598969382
-0.3721170764231203,0.4344423483321582,0.3760629189828246,-0.5451999354310118
0.04068360868421461,-0.5637517371067904,-0.12048132749395224,1.8830789952773634
0.7561066035029675,-0.765602509830605,-0.8540895820725238,-2.9250326899230084
-0.9583049424464036,-0.8192773620156044,1.0,14.160301273190074
1.0,-0.24939873997529172,-1.0,5.0161208630632
-0.10245928920464742,-0.26908870410344155,-0.3825867151603157,0.70378950070839
-0.22909050674076292,0.8623639561453442,1.0,9.242931943423189
0.04710537579497753,0.7680285522964954,-0.7635734516891641,0.8611179542566432
-0.6582176080274909,-1.0,1.0,0.2779373308724324
-0.9404888698998708,-1.0,-0.4225734648872992,5.345925687944209
0.4052837669418776,-0.570062062759193,-0.06714921443250188,1.6117722074869338
0.9225087408538006,-0.8555186604713549,0.013322887112592108,-0.3180453777868816
-0.4673075539160967,0.5223513938163393,-0.04417178451590664,-1.264040614693216
1.0,-1.0,0.9450366210028738,-8.00121794708224
0.0496633587956421,-1.0,0.8026653847329834,-2.805640890075148
-0.04603834934982265,-1.0,-0.29598765306283914,2.024723999899487
0.7865303613291832,-0.8478499301906584,0.33328424334357165,-0.641324129578452
0.11381978381673652,0.37719162273282203,-0.016848217559715994,0.3471990848164574
-0.771351326723122,0.41493546551638016,-0.8351952072617717,0.753273219244778
-0.09049039056482733,-0.037993377400942,1.0,1.0655551635799678
-0.3872043036787449,0.27112166233344404,-0.3668867969358205,-0.20027372559018647
-0.8789181352987951,0.9401425911030246,0.3295554153705482,0.7480223190188455
0.035230524292719334,0.4859231950738889,-1.0,-3.1341387747804887
1.0,-0.329107620798226,-0.6123783113880006,5.756986358278772
-0.2638268602920013,-0.3951465956067344,0.5666805176092238,-0.18590750413038443
1.0,0.09497602109014003,0.6141710330748831,8.196561224783935
0.6182365091386675,-0.3551121138471849,1.0,-2.9338124031749255
0.874111902287501,-0.008778874460578567,0.974691790641824,6.201970784121884
-0.031189234542964073,0.5952826618117737,-1.0,-4.359696680500749
0.600847197226821,0.2973754664088606,-0.1434915966018584,1.4655687786241738
-1.0,-1.0,-0.437057993226716,5.318132385527071
-0.3788353327861005,-0.22384008591868754,0.44857373778321463,0.019163317482988995
-0.7530909737480866,0.8197811946705462,0.3564214827675687,-1.2244636174916685
0.47454128621084,-1.0,1.0,-7.135527495052669
-0.37338954254357914,-1.0,-0.4002843333888264,1.2977524990788365
0.802542350534897,-0.6022809320584686,0.5037368767038102,1.7650137338916334
-0.07638818538853709,1.0,0.709735803300459,10.479649228584366
-0.5207060411881987,0.44108521220007924,0.4803606524641557,-1.1505293873661655
0.7478187364241915,-0.9562301864872544,0.35082194557946655,-1.268329926737914
-1.0,-0.2018844515885938,0.2036829758327896,-4.085529977893836
-0.22797672761225152,0.09543468364703411,-1.0,-2.862925842532496
-0.7819491200977051,-0.9306072236018497,-1.0,-3.714553042824759
0.7121016404337752,1.0,1.0,12.329908601764123
-0.15201052869984633,0.653018978380276,-0.11263365153896054,0.24586481688504297
0.11028633186340842,-0.37551136965826815,0.5271948181168873,0.36733353925114165
-0.3560849679957294,1.0,-0.7026714432747532,6.078728593627067
1.0,0.05247745200113085,0.019278917196292156,4.437552591171975
-0.8180304835421668,-0.46017013334420587,0.4719040604696174,0.8719284515140979
-0.5763779809862424,0.9049148632735062,1.0,12.195437068480771
0.4482098384619255,-0.21236405676803494,0.43535051772569666,1.6904245884082125
-0.014354077067869397,1.0,-0.4101970692845749,9.20386799483401
0.24135347187542577,0.39036967278411594,-0.21454062476864943,0.2029011239553723
-0.3967583840549276,-0.7793749938407291,0.9078921291806397,-0.34778849499782644
0.046690911603505025,0.8178748441414854,0.4710993488320989,2.888502976136437
0.5758163492181787,-0.05794437213300019,0.6970435535311263,0.8866895681783942
1.0,0.5969295062026125,-1.0,14.694122891103556
0.49497146705940254,-0.8348996902022652,-0.08384565350392892,1.5770732240129286
0.2611085039666139,0.8663027696718719,-1.0,-0.5584102204916869
-0.4910734919605322,0.08205456040989678,0.4206843930450279,-0.18895429331040847
-0.11886083654074087,-1.0,0.11428477922141766,2.114039829093083
-0.5897759074017777,-0.6236555227104985,-0.17399865323021224,1.3207485898727087
-0.35955461570211744,-1.0,0.38338125280662916,1.9364842442964243
-1.0,0.48382494886368344,-0.8013969893167767,6.227710728715531
-0.36339539700970613,1.0,-1.0,1.128650408522836
-0.7762307415513476,-0.4704097584569593,1.0,3.921112167123315
-0.7567623838055793,-1.0,-0.6557216474052243,1.3229586055166884
-0.4241471078999126,-0.049859164084026686,-0.429075294200852,0.257454571017397
-0.1351983098873537,0.08582335182857315,0.10287537518662537,-0.2389107728002112
-1.0,-0.7220556836287186,-0.7183799376863855,1.8355958281978884
-0.30761104383701454,0.05733844667891308,-1.0,-2.8322024814782742
0.7942800606051319,0.13668062083366306,-0.15260095312636857,1.9126673198740256
-0.3095908784137986,-0.6382062331257832,1.0,0.6606734266936827
0.5193422994270493,-0.2253121653793555,-0.8456039320923787,0.4513017710213173
1.0,-0.6062178925511683,-1.0,-0.612937497836654
0.5503022633576342,0.4425574897848752,-0.9629407146957405,-1.9312646041950057
-1.0,0.6702493034407053,-0.4454066605627527,2.132314933900345
0.16212057164826454,-0.17274185799245467,0.5827218884100791,-0.13038994626540945
0.4268481690376724,-0.01519349270214665,0.5039789545821509,0.7847669166549495
-0.7034803278645656,0.5217573336252483,-0.09346883788122073,-2.7100801380090016
1.0,-1.0,-0.4126993966095758,-10.346661097315277
-1.0,0.5014870410165204,0.6132618518959778,-5.223131729898093
0.8408522171450394,-1.0,-1.0,-27.772180537386298
0.5990751531796292,0.5881621507760111,0.2146015618952728,2.031591777288928
0.08701456391400897,-0.5501441665589935,-1.0,-6.350648924114672
1.0,0.28478296720473795,-1.0,10.441688280726622
-1.0,-0.2428752407868937,-0.19077747410226675,-3.8420335771296688
0.13115688340013798,0.7110021306254051,-0.8190292733672719,-0.17671762300740296
0.78671173350725,-0.05740789085342901,1.0,2.477134855778674
0.7629475034269007,0.13686401464210673,1.0,4.261692276634013
-0.3202978858717982,0.5163570293150364,-0.5122029680414286,-0.8881773157029379
0.8056026368748714,1.0,1.0,14.883963770915699
0.2467492953265078,-0.1350306244403261,-0.7801145422618494,0.7731813733187705
-0.970465504936765,-1.0,-0.00810269688784504,7.322098070634976
-1.0,0.6131899014372666,-0.5154495755772284,3.0636844651578445
0.3639922780120153,-1.0,-0.5399026994660991,-2.327069718247178
-1.0,1.0,-0.8777541066058381,15.506601451527212
-0.5076636305519944,0.8029530564004832,1.0,9.543443273203462
-0.7641695773365882,-0.35611274643947577,0.5385695151277772,0.7189978302749196
-1.0,-1.0,1.0,22.004231394486748
0.024410433284320687,-0.23221916717040436,-1.0,-3.370792006104115
0.396657495338294,-0.8900186100268044,-1.0,-15.147393624219312
0.777090164969511,0.6830782411741663,-0.11531834067340951,1.774929307342986
-1.0,-0.29667274514357844,0.39801918772111833,-1.7246703870549795
0.8452250765790543,0.9856383207613859,0.5820679419658048,9.260964938907929
0.057023189568965016,0.06283741380430863,-0.3488048191884805,0.08157703472749378
-0.12954190593856296,1.0,0.5565017978139568,8.275683393165853
0.5441373626388524,-0.3834396204250452,0.10546057741130221,0.9699743834029777
-0.34048712255986,-1.0,0.0051380673991536785,4.214606502384269
-0.6948488626188984,1.0,-0.29392213242087295,6.23500673270491
0.5579405819324854,1.0,0.7798717637205093,8.371658024512424
-0.5140019770467605,0.6943467065896207,0.5609534557037474,-1.2604160963607633
0.010160615998069611,1.0,-0.4314384479233646,9.846431975331871
0.35795251837396647,-0.0575940335013847,-0.12706508814002349,1.5726390055494204
0.15067304300439788,-0.14838969186759132,0.33668644194805175,1.0512060119095035
0.10587287366331877,1.0,-1.0,4.621150107004919
-0.32131711700208165,-0.5069396409846252,-0.3871082940300383,0.784363664298493
0.600496856087207,-1.0,0.21973261705578118,-0.6003350161011042
-0.2842015474989028,0.2574705827067916,0.29123980659269955,-0.11916357790708931
0.2884501055300992,-0.7715092498319867,-0.0767350142380332,1.2913704000194273
-0.034929080890605535,0.19435577815211547,-0.5289348781351579,0.46918055390058283
-0.37460744950218916,-0.10773914120567718,1.0,1.1980877980590965
-0.743646761015242,-0.6998953961534378,-0.7658856112003851,0.7527697824281636
1.0,0.3012108080707243,-1.0,10.855414023148601
1.0,-1.0,0.8265785292050989,-6.674554695771017
-0.44783954180198005,-1.0,-0.6749035465014424,-2.4250325506459736
1.0,0.8369568094072892,-0.22978536734920918,9.093415776843159
0.6763722488297614,0.2728667464026815,-0.3313862413064952,1.5692286161547382
-1.0,1.0,0.7131891066207259,2.318377997924911
-0.005320299947911833,-0.8164341960112347,-0.17394448435765741,1.7481419894344419
1.0,-0.264131693427222,0.22221288537591377,4.668723957353691
-1.0,-1.0,0.03304463765531995,7.59366783883901
0.4580915970827024,0.46268935137575484,0.5278250529091595,1.285892707356572
-0.2693473538079769,1.0,-1.0,2.095735288543777
-0.24924082725830532,1.0,-0.49721779703018454,7.938417017111514
-0.6108847825261727,-1.0,0.13113273117072843,4.804146234565131
-1.0,0.41542808490564465,0.011665797880097806,-3.307589145562651
0.9348644909256127,0.5485196122634404,0.9494483066717512,16.73485122425169
-0.08339385911756114,-1.0,0.7026054239864024,-0.3141360584113985
1.0,0.0010941791644636378,-0.36173324023617526,4.073497604299782
-1.0,-0.3025502615200806,1.0,5.908598854707203
1.0,0.19049792393626963,0.4034258402314359,7.287510931995979
0.2328708663793455,-1.0,-1.0,-19.738974132677594
-0.2502737684134497,-0.16958724404809966,0.36023936565188186,0.2856691310815066
0.5160754739216764,1.0,-1.0,7.547888624538094
-1.0,-0.6973543058581826,-0.11250815844096618,1.3986700465933073
-1.0,-1.0,-1.0,2.7668955427142814
-0.37514191921648643,-1.0,0.201402032856425,2.813376850737959
1.0,1.0,0.7755183739175178,18.19186002519704
1.0,0.681373526047585,-0.4119328315697577,6.553098056699037
0.4478857574192803,-0.2596942142689562,-0.3860793497782089,2.350842509905888
0.6606016718065975,1.0,-0.927634013866218,12.803117866636555
0.42096777598408974,-0.3368174464735503,-0.5455034738854594,1.3494123674254836
-0.8860510915994684,-0.25250051666600526,0.40555625723428457,-0.9163246335713535
-0.12047905993368935,-0.2432303936100373,-0.4464488485370057,1.316780983324581
-0.729957175537264,-1.0,-0.030424526658435314,5.415458065099944
-0.3387419850527802,-0.8629485348002457,-0.30369398184512897,2.4929472318410135
1.0,0.10098992780796112,0.2016840811911753,5.6809149995885635
1.0,-0.42488908767974554,-1.0,2.8729226381903286
-1.0,0.08508966854475619,0.24392169194934765,-4.988010835974677
1.0,-0.8578602999309586,1.0,-2.7861319445770447
-0.26841247944599056,-0.37465945328492545,1.0,-0.0844159293023283
-1.0,0.8393801478224794,-0.3573254524488261,5.024457122336972
0.31852283587634944,1.0,1.0,9.860860250151635
0.7308561384035492,-0.759566475070951,-0.5231613344872621,-0.31065154691363756
-1.0,0.9772885867131933,0.07887271727083589,6.069313544910494
0.08917663180310975,-0.0961718715445179,-0.5864405568720337,0.05142449580553654
0.43991019590189784,-1.0,-0.4575895678097688,-1.4846383622857033
0.19608805940936236,0.04856647131358627,0.32573996679453043,1.2804351076741654
0.5522123227913576,-0.5102016238329543,0.5264428660466878,0.809836905491053
-0.3102816613178452,1.0,-0.6541647441640381,7.356043208280559
-0.570057579315995,-0.0489647970271847,0.4661965156616301,-0.2374806884735069
0.10105809817488343,0.848818848786342,-1.0,-2.445515936775716
0.3316357771313123,-0.03558865872789907,0.5092374484848023,0.851949157485293
0.3223006889400355,-1.0,1.0,-6.972318692771646
0.6706306211625177,-0.4663726756004736,-0.47627318735914015,1.7304561237621219
-1.0,0.5590118503866728,-1.0,18.12548394738648
-0.016627286178763745,0.08358726426326313,-0.649336744804385,1.3498918462246041
-0.25435930182058764,-1.0,0.08098571072123173,3.209140136751927
-1.0,-0.799918476914498,0.22097084988546078,4.713215413189935
-0.29192050799088753,0.07280107931129787,0.027502217407214813,-0.29323437870823166
1.0,-0.5069690553815391,-0.4716298355558508,4.137283681524805
0.926559347542268,0.16311325802848797,0.33285527023281647,5.242259091741132
-0.6277793148881079,0.3129740151199516,-0.13961271567241496,-1.2872880485084628
1.0,0.14097873892774282,-0.10754861291876816,4.784657505482395
-0.7426996996996309,-1.0,1.0,3.078537774730468
1.0,-0.849533577830436,-0.11742809604929061,-0.6779236706443068
-0.6874298710445204,-0.42176014354562574,0.05708424665672962,0.6014169763610616
-0.9699488445329971,1.0,-0.07471127877383799,7.76200987005715
0.9608976935919624,0.8109608324606035,-0.09738827626269586,6.5353075400506215
0.4562380031055584,-0.2453211072804491,0.579037717472048,0.8687865753619438
1.0,1.0,-0.5530431809614473,21.548720247289406
-0.0783674705333075,-0.5497539308451109,-0.16567805156781046,2.1190025643430044
-0.8169869233996649,0.2160798565277644,-0.8587887036791504,2.0404846263689094
-0.10406672430956143,0.6211805156036974,0.6468803644010936,0.3974632043034091
-0.759987695754897,0.7695884432352553,0.9023590605018539,3.9920142816455377
-0.04825171743431911,-0.9204273462998258,0.4011643274680545,1.015600024186005
-0.7431588132779421,-1.0,-0.4571761021710381,3.642836999861122
-1.0,-0.6338607482779628,0.8425135385703257,7.55636793822699
1.0,-0.8679549235837596,0.257494192786879,-0.2798518057202073
1.0,1.0,-0.3507537835774086,17.467812042961317
-1.0,0.9592307280147736,-0.06336621241161211,6.485930324844454
1.0,-1.0,0.19371363027932853,-8.374050728126216
1.0,0.8987221441048419,1.0,26.528995269344822
0.9303239907836132,0.17742272724121144,0.22288257126350053,5.296669532095155
0.15470209341360586,1.0,0.2755703148397406,6.928420039699148
0.6038052083078509,1.0,0.40284376962062707,6.5859838734491944
-1.0,0.04603975910096336,-1.0,11.340649214590183
-1.0,-0.6702991152773838,-0.33859353705952233,0.8220154793831173
-1.0,-1.0,0.5772861111232535,13.860964578482358
-0.5616865226329524,-0.6635053524041388,0.07808821480860462,1.4213383030897337
-1.0,0.19546573287300273,-0.211624942112959,-3.489224980913821
0.7041287012087181,0.19644933343986404,0.2040174530297738,1.8556431205570834
1.0,0.006504215206811992,0.26460547743274154,5.904793738764994
-0.37466328327714593,-1.0,1.0,-4.6365948155373
-0.3102696487780727,0.08494224457772948,-0.2549399487090849,-0.10238585743520527
0.13855230221074377,1.0,0.015058256905104539,8.35929242717337
0.9777714205051207,0.30923295576339993,-0.9512094962814508,9.011093287273361
-1.0,-0.5661197354287391,-0.3233452641160157,0.22531968705953687
-1.0,-1.0,-0.34339711458479627,6.304594951852963
0.3628687197570126,-1.0,-0.6677491375664046,-4.1182218903503625
-0.4953910579908205,-1.0,-0.4122981220856792,3.3048370473004822
0.7005407018911889,-0.30388121874069496,-0.9126452817437374,-1.51959056549773
-0.3799140808453956,-1.0,-0.04317142725421874,2.8295489457837224
-0.7872890999282562,1.0,-0.12874960114744427,4.523648622942529
-1.0,0.275934174346512,0.9303277306624667,0.20870150421862377
0.7548472379793942,-0.13807477680955005,-0.8153506196756664,2.0884164136347847
0.026412362476510465,-1.0,-0.6558025762715776,-3.0840278787845827
-0.3211617738308745,0.7510971524261916,0.09156236187733247,0.5659557541398738
-1.0,0.38184389786105855,-0.459937090880405,-1.4376837162024774
-0.7626966727867841,-0.050210460950220304,0.17874938824563524,-1.5845634535274342
1.0,-0.09432306564881365,-0.39820909865361975,4.525817373738875
-0.6790851747197886,-0.4105253713907939,1.0,2.206699566503324
-0.23093162052381722,1.0,-1.0,2.1085114826569833
-1.0,0.21275790887546986,1.0,3.240435353401306
0.6865057123472482,-0.6684568893108425,0.6181149770364462,0.1957215483402519
-1.0,0.5094511499605001,-0.5352813179382951,1.2108389096030532
0.7126921676164883,-0.38906772444142046,0.17232366522590725,1.7729611284296702
0.24572478361121952,-0.6961516399400904,1.0,-3.147870767713709
0.7387560840187763,-0.2970663663332074,1.0,-0.591623427880799
0.46032782994887733,-0.40641145133143386,-0.3516665350890773,0.9979285546553047
-0.9932413771234545,0.280010966210823,0.35569563589513,-4.813975876864675
-0.007751082781840113,0.327905599025087,0.5817820719831004,0.30610165538644785
-0.06985789944938192,0.6073751646407708,0.03181315873548951,-0.2141925086824597
1.0,-0.05350660408030228,-0.11799881576185833,4.758126844728441
0.9235068549342631,-0.7960637990071167,-1.0,-9.43990416403424
-0.46278189561641003,-1.0,-1.0,-12.045040866018455
-0.7009479309422666,0.3505536305949042,0.26165425053023195,-1.944789579697137
0.45625207451545613,0.5974185357134829,1.0,4.19919726787991
-0.5599772672024352,0.9347015753584653,1.0,14.173345282398266
-1.0,0.2472336842323284,-0.013853176116973343,-4.472923504702419
-0.5844165531267422,0.8086464056895881,-0.25084274039066745,-0.4243207106003511
0.9374253523321192,0.2934604550201938,0.39270767959086417,6.196038952824758
-1.0,0.6741657602596898,1.0,7.675094468065048
-0.020199292976871952,0.08779121690910174,0.8776099536964128,0.03832816728922976
-0.7861491622859575,-1.0,1.0,5.43407686436844
-0.3663752751514555,1.0,-0.609684198809153,6.5151590178755265
-0.040986992909467945,-0.06734758235973026,-1.0,-1.9872069564810577
-0.12532778717609983,1.0,-0.4747669761455622,9.28925786774352
0.0420775779727216,0.015054477459391036,-0.6997090956639804,0.19219933924192606
-1.0,0.44051602083181063,-0.41868181597667586,-0.8059646841847339
-1.0,-1.0,-1.0,2.856349769031032
0.03118283236461994,0.4924946539858044,-0.3093218533575952,0.9405794394573386
-0.5616908992285958,1.0,-0.0351466482762639,5.49509144168877
-0.6936649562458392,-0.8677989991862227,1.0,3.8989894060305845
-0.11033039811355683,0.7865767889581452,-0.04476051702585693,1.1334178805126214
0.689932298834655,-1.0,-0.011024451599493945,-2.2150751787500917
-0.19091181897357457,0.8636003570499202,0.5646428950152005,4.149635151233466
-1.0,-0.22079720652093027,-1.0,8.082566331484845
-0.2287833187695687,0.4132532061998344,-0.4294334424334516,-0.29718708331016397
-0.24414231216424587,-0.8076213056029329,0.9919374353999033,-1.476490343765078
-0.46639202551738124,0.4548422008386843,0.9691343318147261,2.3943919031705883
-0.43182931252607304,1.0,0.5940301544276776,7.008529226372044
0.11451703302932326,-0.7136525819574511,-0.266935866443055,1.352380185378406
-1.0,1.0,-1.0,21.380556903671366
-0.513367536651623,0.7195984526387216,0.3033244899133629,-1.316634395024491
-1.0,-0.2559258893087837,0.03584644829725714,-3.2845928993634397
-1.0,-0.2567764339361436,-0.6585386216084212,-0.609928061989857
-0.6594650335559491,-0.1761203204894135,-0.985911946876143,1.4265753638272636
-1.0,-0.635478034038929,-0.5644972873000922,0.8837088780574962
-0.5082133291457487,0.7997623133930885,0.17085061291733994,-0.14239903055504818
1.0,-1.0,-1.0,-29.14789331903544
-0.5361721498300596,0.9525049630573308,0.6544265319320437,5.288991732988206
0.13643581526209103,-1.0,0.4047683643744939,1.5390013245698353
0.5394137793633256,0.5752206267485538,-1.0,-1.987718339284475
0.7726866749636001,-0.13762364382156633,0.7127642346793879,2.608084917183239
-0.5920091264514831,0.6028650586028155,-0.5423958806646689,-1.6384700583585576
0.6670386767833092,1.0,-0.29816552182535294,10.825234966160426
0.13973404800871325,0.550742027779817,0.3009474524480369,0.27691842046926585
-1.0,-1.0,-0.08437576653927636,8.036053607640124
-0.23548131988313226,0.3257197446566833,0.19376081266769574,-0.45467821652716556
-1.0,-0.6453464946530605,-0.165366113603991,1.1523032085523985
-0.47861374822560054,-0.6680978998064242,0.3926014629986312,1.1705380304761979
-0.5843415248068968,-0.0869557532678833,-0.13890415971245096,-0.1362838866992806
0.16530373341566662,0.8823133009626196,-0.7801522645778662,3.795125095018449
0.2258396936842706,0.6665636551358687,-1.0,-3.5497235336280597
-0.25104019348587836,0.316554411946641,0.7264258856375521,0.6666627722688384
0.9474604975561449,-1.0,0.0408862328805395,-7.190982424052092
1.0,-0.6391899116372068,0.2465517116214162,2.5963228593951455
-0.289592426094192,-0.39717211367565675,0.7303926249547177,0.7707768429530313
0.2682916571764724,0.37020791913257134,-1.0,-2.9371605786686437
-0.11635779636550514,-0.5620126903914311,-0.8783922348880282,-2.4771295310485355
-0.05651730161926194,-0.33369308723461,-0.8101158719810371,-0.44083799340605195
-1.0,-0.3406097002034971,-1.0,6.2555749401572385
1.0,0.49107044969449865,1.0,22.13927388193456
0.06932709889999611,-0.8993000555507924,1.0,-4.644937189456948
-1.0,0.5010052836773897,-0.219985519901589,-2.4748297709935994
-1.0,1.0,-1.0,21.84656142333137
-0.7369107222242486,-0.41823105228790114,0.482495141329516,0.7576369607293881
0.14298518533673366,0.5816299289440612,-0.572637003199354,0.524397042566492
0.48202190118125454,1.0,1.0,9.58255302199335
0.08072204533035143,1.0,0.0003158678087011868,7.644080037837837
0.756398501808857,-1.0,-0.18185224144978496,-4.210992249277153
-1.0,-0.32358418700743785,1.0,5.532165328348787
1.0,0.3910826318136962,-0.8732923709026505,9.11316710261897
0.783008903482918,0.12488115735779104,-0.1531601012664996,2.786922325404654
0.5573192313821156,-0.09512960864890219,1.0,-0.9114698537576305
0.5763678408588631,0.4897178868250056,0.538388055425612,1.5183975813922732
-0.12519244012733766,0.9267392615018224,-0.8051687942623147,3.787493774414035
1.0,1.0,-0.0620344467324947,15.244905058552959
1.0,0.66847852914888,-0.6583357017190923,7.956668120406284
0.43022882985069955,-1.0,0.290545460804569,1.3431655018167892
0.5891014178967666,-1.0,-0.051492525038001835,-0.6073538963376041
0.03856440120689064,1.0,1.0,12.330305698271468
0.24645285885144608,-1.0,0.3122922968768671,0.8143868648091578
0.40292547811305157,-0.923726045335272,-0.1918060850294796,0.9844095392102216
-0.13090587337062076,0.27216403228345754,-0.04972010437944263,-0.24994241895051944
0.6424592558153868,-1.0,-0.3378644707553966,-3.110808613161436
-0.0448878413391578,0.36930021371281074,-0.4667137442996798,-0.09816568717966939
1.0,1.0,-0.18335668912611824,15.350646028187656
-0.005724332197892812,-1.0,1.0,-6.6228655212598015
0.19455386333406488,1.0,0.2202216654974296,7.470704609259279
0.9078922540478012,-0.5088533289347328,0.6108558912805175,2.425211398291225
1.0,0.8788849195553476,1.0,27.187323673756946
-0.3232538064601467,-0.30716480863143913,0.8639277172119628,0.3330903881774025
0.06418766203997994,0.08097133331583817,-0.04541730399482646,0.6791930698876896
-1.0,1.0,-0.8950780405850121,16.425507320729743
1.0,1.0,-0.6330915158314123,23.31474423577931
0.9299300265554837,1.0,-0.34720076878307915,15.096606402737365
-0.17235424950651979,-0.9247441034418837,-0.2532278634451024,1.587423559165626
1.0,1.0,-0.9465127708034298,36.32199399390112
0.7303360717040814,0.06422250951369346,0.6712281459407652,2.042438475256626
0.14095647215040974,-1.0,-0.5777676764153408,-1.7179329381765032
0.16115403702721798,-0.8117028676162823,-0.7680605327223173,-2.4488299864816607
-0.3772622421820122,0.22907160546986938,-1.0,-1.374120617793279
-0.41583853247856806,-0.09304123611385373,-0.09209376577302764,1.024479234021527
0.8169969865454829,-0.29087205212562184,0.26130051559121026,2.7164107054621462
-0.38762468243920467,0.33796463895307105,0.05691219047671958,-1.0864588866205982
-0.1687640571493012,-0.7284310667908738,-0.48971458868387163,1.168027776553028
-0.27425306136386496,1.0,-1.0,1.9301174880068384
-1.0,1.0,-0.909587391867867,17.46738919454315
-0.34693739644309973,0.15311357535418235,0.45182742517058005,0.3393389096869864
0.5070925971984377,0.9966536017213294,-1.0,7.700740458685208
-0.3824212606827455,-0.13400251732063073,-0.2596138111986346,0.18835302923598143
-0.012947739376335532,0.28105820782842694,-0.0686933485242538,0.13212015993441864
0.08062337201081271,-0.29500001417430033,-0.3183756107053115,0.9874880123040821
0.5218206018365046,-0.36951930058003457,-0.043829747360505156,0.9055559687680863
0.6204275882695092,0.20191796505982929,-0.3644089508541928,0.925715478417909
-1.0,-0.7427099720390824,0.6224500329817417,6.05353045777572
0.39827282494535865,0.035177992202477526,-1.0,-2.303293241569546
-0.07977441709621091,0.43398874567749823,1.0,3.278385183657422
0.5978173679138743,-0.10176859243115177,-0.024900164671608493,1.858886648052771
0.19214697184801643,-0.35750407584957156,-1.0,-4.876604658696524
-1.0,-0.09088880080482165,-0.6576507591820167,-0.9054425675851945
0.8841185067033832,-0.6093977942117474,0.38111582692895296,1.560671894302616
0.7816058711322686,-1.0,0.4018026798951402,-3.0122647591567024
1.0,-0.10657121197457231,0.40891512101564165,5.862429872227377
0.1914234296127837,-0.45848256753519046,-1.0,-5.872318235068508
-0.7476915460096856,-0.4108156743055016,-1.0,2.2916448769252913
1.0,-1.0,-1.0,-29.81043045257678
0.9285980876985684,-0.4109903474822496,0.1479146241308511,2.808350823700863
1.0,-0.5546735538891328,-0.6225552101666367,4.639931953416859
0.02751107146762677,1.0,1.0,11.868031753672781
-0.06303526253676894,-0.31303301113926185,0.08980022725479264,1.8308147681104865
-0.2795821572916479,0.6897761567357856,1.0,7.298760052903736
0.1255650566986546,-0.4774824897980503,-0.3733396029577354,1.1601348436426917
1.0,0.3049102217488395,0.9534814457880805,16.269819585501164
-0.7103484445879207,0.9465184857460451,1.0,13.891151255620555
0.05019448816141847,0.24277762063193498,0.37035062604307,0.17471625604704943
-1.0,0.6355127722870191,0.9376288182710275,3.7859438772323992
0.2791163698547894,-1.0,1.0,-7.040845913066447
-0.09113723375560623,-1.0,-0.8369554987195686,-7.801429030842732
0.12908691086096824,0.26913876356748845,-0.20493709067334676,1.1126663215712083
-1.0,1.0,-1.0,21.707075130672465
0.19471291782320965,0.7265890361468426,-1.0,-4.221426886574354
-1.0,0.7905912609840808,0.6795439727919845,-2.0357698088326757
-1.0,-0.8920982027733129,0.9139424250344617,16.950063352826778
0.26288657474531774,0.19595967653531576,-0.4550427150896721,0.15912476633740213
0.5879341955473385,-0.2734275281985732,-0.3133613328557594,0.8666693348698911
0.567035973966791,-0.923680207417084,-0.9156123272383385,-10.579669699063658
1.0,0.41227673733347614,1.0,20.576766092362625
-0.39914708583184644,0.8337615093995041,-0.046929730959708316,0.5668667380288797
-1.0,0.702497854332057,0.6805168765747547,-3.370284293526628
-0.3750122449795845,0.685167376541435,-0.10831774246631332,-0.5699956647897647
-1.0,1.0,-0.01886578747284484,7.70254783165521
0.5535598560506183,-0.9207535352814085,-1.0,-17.2993161693986
0.01569739840160378,0.46203306967955626,0.7637630211952189,1.3026509654041882
1.0,-1.0,-0.22300073228413297,-8.886449692749308
-0.4464988869657356,-0.7137987239836348,0.61011029093164,1.8777552262824235
1.0,0.4125610256621546,1.0,21.15048246075869
-0.2573050233854428,0.8798719139891413,0.6315203743316031,3.885320820397681
0.4114956009647095,-0.5205918467720123,1.0,-3.408305713688246
-1.0,-0.11843614576408412,0.7538938251291474,-1.7735736907291857
1.0,-0.37273168805413004,-0.4584920829639618,4.091938034958658
0.37068038858249985,-0.7924580819597109,-0.6990701732543996,-0.855626192041262
0.7373180567037922,-0.04215704884984239,1.0,1.2700061279342458
0.07374221855420271,0.9055662770060022,-0.6968199170675002,4.914741913879028
-0.4010662917866086,-0.7231109250239738,-0.9473034232270039,-3.541193583924604
-0.186974082080271,-1.0,0.7141761725555282,0.2719005533709416
0.08589517562258564,-0.1724774755240288,0.3056945473490966,0.6460845988731656
-1.0,0.5459276346653625,0.4264197326918864,-5.169558390998264
-0.6566726125975173,-1.0,-1.0,-8.815018961124501
0.7589441254569673,0.06868456835841652,0.14492030370926612,2.653576397753592
0.07820227981593875,-0.22191092445187843,-0.33761740752175684,1.5011958641938528
0.5296198338116047,0.41654851586240316,-0.1497676892345836,1.0594111839946228
-0.7108355235524106,0.7454569652380252,-0.16866137110858004,-0.7277940545208976
0.694114571814872,-0.47471437268898153,0.058839465172433325,1.7863758926152917
-0.23902348138254448,-0.24073033698221935,0.5712298537539593,0.1676883868911399
0.5853866186039827,-0.5788773448024114,0.2511573574983148,0.5004381377815923
-0.8470433058763729,1.0,-0.8168957633199889,4.5344908813716565
0.45715055539387106,0.730804182499208,0.2700712820724678,1.7260150594034998
-0.1476197299862958,0.2035315755185052,-1.0,-1.9523876564832423
-0.563881887838056,-1.0,0.856639407376178,0.24860544078969482
-0.004830564824339412,-0.7715026337666437,0.028994003123135048,1.4769847377748218
0.8356944622991014,0.32884660623514717,-0.6716749792981984,2.233428382620404
0.7388037555488798,-0.35296801759720386,0.2536217352006569,1.5806734173479258
0.9839049623191753,-0.7804687179970888,0.26136007689402185,1.1961438828412287
1.0,0.593281269243064,-0.02420912427793631,7.558052844936424
-0.20057296037116812,-0.15432553152974937,0.27342056629942757,0.43681165266891586
-0.04281717877198821,-0.029532108911739297,0.28913045035393026,0.8147216270484259
-0.5310981155388614,-1.0,-0.3958508894065369,1.2080596050449486
-1.0,0.3280472116719324,0.3373380463924165,-4.853750302842816
-0.09283691124972382,1.0,0.04536940954071644,8.076990002828875
-1.0,0.352083793429808,-0.38179180523456613,-1.392637670143575
0.4245495451378727,-1.0,0.45880766027162867,-0.4742672355441596
-1.0,1.0,0.6846543529819069,0.936560962806804
-0.3763887183386798,0.19302711261554317,1.0,1.747781699277391
0.7309527171717034,-0.4790223788061314,0.45743589102735216,1.8107265715492218
-0.26590360194791596,0.9270264379571937,1.0,12.134112270355832
-0.9949226249280083,-0.13767016338010651,-0.6003057129693097,-0.8246421393302167
0.25066510691439103,0.13292703489530755,0.5402151795340875,0.6022853029708102
1.0,1.0,-0.7364265742456244,27.481552853028482
0.5195967881643075,0.524092453786162,-1.0,-2.9407043649119355
-0.7226964040178343,0.3242167276156003,0.43256840513985373,-2.6742940765657153
-0.9997344134878758,-0.0020989323932221193,-0.7199200883039549,0.46362111422418734
-1.0,1.0,-0.9397281130601411,17.895813909827464
0.2720058872386688,-1.0,0.8246491624046972,-3.0962146483541826
0.46900704686149197,-0.5853550384823649,-1.0,-7.571979837118333
0.3340135233163011,-1.0,0.3325182708923107,0.13354743299859284
-0.05465452945474869,0.979014187531952,-0.3012521760230251,7.90352807468485
-1.0,-0.1701448720647829,0.43615299825356746,-3.0247136248578346
0.5344918524327493,-0.7743948808253021,0.7654136938444112,-1.19581020356386
0.34628862914991254,-0.18591554282010758,-0.377550184773797,1.2261100783690957
0.22215511943516253,-0.4662365134908697,-0.6852731291888694,0.3930715621207812
-1.0,-0.037736825157516085,-0.6038021596685217,-1.0271538943944556
0.549156987655574,0.040614116137384526,-0.42756951528375486,1.3324770202569771
-1.0,-1.0,1.0,21.718626722347086
0.08163758874107718,-0.7351681098431448,0.4827170471679292,0.6129753078189127
1.0,1.0,-1.0,38.46619067050913
1.0,0.6952562425566329,0.508100412923794,10.950870299617137
-0.15493964894940015,-0.023511601614915723,0.7497048692163304,0.5158586373438753
0.3071504301887682,-1.0,-1.0,-19.533329884430604
-0.4015632298764724,1.0,-1.0,1.3148029067616707
-1.0,0.9261810391845766,0.602145639266082,-0.9123030349661738
-0.40104355733326336,-1.0,-0.5953775779257455,-0.5145951163059308
0.7708029812376169,0.18833761342359812,0.004276651871742088,2.4374275706365536
0.7188090007648511,1.0,0.7551023883444425,9.372477881791673
-0.01199046661092984,-0.31553055776501027,-0.1296214689216999,1.0376188336743397
-0.1901420062055066,-1.0,0.8878338921399676,-3.0535648287548454
1.0,-0.4757632204935427,1.0,5.398704355397862
-0.9936228132825009,-1.0,-1.0,3.1201448903196316
0.058368074650817725,0.37694115675268125,0.5117537583431864,0.5333486597721739
-0.9792868355770181,0.3525875030826633,0.36367076002905896,-5.072008312484648
1.0,-0.7387412952019246,-1.0,-4.278702314623585
0.023696258615961696,1.0,0.9653947516950285,12.762655464299694
0.15094400676584718,-0.18718141268075494,-1.0,-3.722712342416797
0.5249137256195886,-0.9904508264428609,-1.0,-21.715908905473974
-0.6364953355721743,1.0,0.36673491129417557,4.921489251329345
-1.0,-0.4460924322054536,-0.33596712851178734,-1.6497623693771726
-0.8702138825202081,-0.04793568359373257,-1.0,6.715744153683429
0.34441931160346306,-0.07519746000039351,0.028641269009500814,0.9058758567049388
-0.13771552409779986,0.17482029086770812,-0.44431307714425783,0.5938505994372114
-0.08206045441841248,-0.2515790134708795,-0.3310301512684297,1.1863789535689266
-0.38742345587362914,1.0,0.7174666577516715,9.097516077648761
-0.402280276024503,-1.0,-1.0,-13.261458852441137
0.7373284748445037,-0.4906981174717411,-1.0,-5.149084405311422
-1.0,0.5690168818285455,0.8265743364448848,-1.4141764364265537
1.0,0.49528677033285895,-1.0,13.106751407293476
-0.923505030015169,-1.0,-0.7217181532738415,2.7100322715908813
-0.6369964341096255,-0.02134505691442934,-0.02854444731586936,-0.5728724489981556
0.850837623583159,0.03241307536564908,-0.3527550051390327,1.9637185233647736
-0.2488755101741087,0.05655465483128741,0.08986887719961012,-0.06840395794456106
-0.3318608762908306,0.8473077070674799,0.9696153601624653,9.379789868323282
-0.1319397069766166,-1.0,-1.0,-15.25411289205548
-0.7965843187168526,-0.13853196760637165,1.0,2.80448428219976
-0.8478477888748084,0.7625026542104894,0.46424652037782077,-1.4331666195781392
0.34764901885657595,0.5479431926727798,1.0,3.482153419505434
0.8290791037947813,0.04246650519267314,0.1935441962229807,3.553796065124642
0.13987676373384295,0.082609490734175,-1.0,-3.983522633673144
1.0,0.7074404222568547,0.5814055909635416,12.253212039636214
0.822251108204074,-0.7797620607800224,-0.20677541085217155,0.06010541437086875
-1.0,0.6410077198744517,-0.4481766456370586,1.763609476325887
-0.7803276799072691,0.5343718293653863,1.0,5.320730182912841
-0.9305792691077939,1.0,0.06153822451360913,5.090432213815712
-0.9263984865755859,1.0,-0.16961477655758994,6.5688277738558805
-0.27718079883918145,0.21304433942056544,0.02238637296902435,-0.18115578142962738
-0.5627975955731794,-0.18905332051359958,-0.8121284396483879,0.3663142591979486
-0.4399188446008886,1.0,0.01917890604640249,5.800066670550456
0.4625942180245104,0.035738263113374025,0.5001715836104059,1.3730555715288042
0.3517382490472134,-1.0,-0.38923826593945443,0.18123792154035484
-0.030220004425296487,-0.41328036341101093,-1.0,-3.885576598867438
1.0,-1.0,-0.6652285681023227,-13.05504830061867
-1.0,0.9081865474491098,1.0,15.121371677906172
0.32496952945488333,0.26020675981160424,0.33426529444997244,1.3418482762715276
0.7099679127362835,0.08809998791533746,0.1811441632188293,2.2631108491480063
0.6881839663639133,1.0,0.6986637514356528,8.950997070588487
0.019602869601241357,0.14860353352930034,-0.04746628637106931,-0.36989713681095937
0.5791189111557111,0.7854910847546619,-0.5638568587408785,2.4023971332440417
0.12051172148538991,-1.0,0.09592833031296277,2.6472693738861706
0.5790304093328209,0.8319736077522812,0.14706012529346024,2.646213339586149
-1.0,-0.9057374990561007,-1.0,4.3270550134857
0.5471410677054522,0.4514658431548191,0.5965351238054539,0.9200015034249573
-1.0,0.012865979545728212,0.0292343718098369,-5.261350544174369
0.28583015113045995,0.6277754090335248,0.20415830001324498,-0.07222246377696662
-0.7375261907014943,-0.6561380871710252,-1.0,0.25292647657266487
0.9625891292893185,-0.6679869097421716,-1.0,-4.012146029133094
-0.1920296337682732,0.8967121162616054,-0.20889341453271104,3.6333219238819248
0.980230875595637,0.9695662280239405,0.36360040078912337,12.550904409817718
0.4542858741321687,-0.48338807216488733,-0.018339875204080425,0.6294571741066257
-0.09813482142900187,-0.8334200624602781,-0.023049041309632257,2.5235667993010886
0.6944378797469031,-0.13699999397742513,-1.0,-1.8939832526417701
-0.29755565946969553,0.6052555731389819,-0.3056522411829168,0.2826184709830716
0.8394443610941849,0.31165360623927985,-0.9598608271453302,3.004958009680489
0.22347683417565922,-1.0,0.5349505545767572,0.5298803956750233
-0.7792268247847873,-0.26750123302192086,0.5475046047305125,0.014703988714281288
1.0,-1.0,1.0,-8.8483751262668
-0.13548935450889177,1.0,0.17526114159958972,7.470533389434218
-0.18311590223421126,-1.0,0.8123904221865073,-1.7584388746881425
-0.5772757574272203,0.3743783248079604,-1.0,-0.7532008403197541
0.49562431657832295,-0.870713189797546,0.542060699495847,0.5397478202339969
0.1702818623718927,0.09144049317867098,0.4875088246598547,0.6769328733322846
-0.18778142973867928,-0.7732623542688819,-0.18144006152501002,2.4145975674456266
0.18309845202413144,1.0,0.7953615034511452,9.396378851418131
0.5097992357280694,-0.4706396405509048,-0.06559418965202535,1.0683124083918663
0.07512518480075214,0.7694208381285583,-0.1709765343570686,2.3867124184057316
0.14234482622101807,-0.42732744256998223,-0.28894755803547434,0.8501415419496785
0.019139330241419783,1.0,0.6304457582252752,8.131204821122154
-1.0,0.1977890204519115,-0.7395985339007047,2.4859044628155993
-0.15374001129991588,-1.0,0.4394185869303706,0.9814969541945915
-0.33333176105379003,-0.2334050254356057,0.3174765399394557,0.24166166042090248
-0.7751579403951401,0.36668657345908184,-0.9705189429487302,3.485980703906067
1.0,-1.0,0.03288785066831634,-7.919318342276457
-0.7910507515327518,-0.5237194243523033,-0.11537552010662999,0.8950674684285433
0.6482543839893562,-0.8833289129445905,-0.9836784302358352,-14.208125991418392
0.40010013243946285,0.3429460674136513,-1.0,-3.3478874436145403
0.05348239783428954,1.0,-0.733397164829444,9.674480083289325
-0.33400527810291325,0.7928712191118992,-0.9541436648612747,-3.7687651851626027
-0.8634416314379707,0.28812954965248117,1.0,2.8173184986213227
0.43803737086291505,-0.16768505828911562,-0.6355306926123174,1.359080156859148
-0.501770180429099,1.0,1.0,16.294198733089736
-0.6237215950024779,0.68251730201663,1.0,6.0405453554889315
0.2499696027057512,1.0,-1.0,5.24864070578947
1.0,-0.41364776205655196,0.21826487801881944,4.717108274453338
-0.6708858947446772,-0.880106618120861,-0.7174055259725676,1.5084402439587852
0.9384585333596527,-0.07195721056043358,-0.519187263903157,5.046995896599336
0.06211495452728877,1.0,0.26968365561891394,8.080780529091776
-0.23243106482698517,0.434507381009942,0.8669855923710323,0.9469733958946146
-0.579972989573931,-1.0,-1.0,-10.436990145284673
-0.8321984695667124,0.28428618466794786,0.20703505308939985,-3.472301529630021
0.8664332851850436,-1.0,0.2633839942027405,-4.20382723581697
0.6681462467546893,0.19754758628018343,-0.0687146988892624,1.7959440546849263
-0.22431024587926252,-0.8419042858042469,0.0714670945945739,2.5182108548563136
0.3480250906620399,0.31174275388043715,-0.48680704446255785,0.054725478487414936
0.07551048838867147,-0.1961342665940491,-0.43001260311128275,1.1085667429497887
-0.5323816734663789,0.005817429168891941,1.0,2.1123286536402306
-0.07767352538747185,0.06978982375614207,-0.3175733103493159,0.2554398136453101
-0.42466029493385116,-0.32949604540430477,-0.4510146017997161,0.44496802090324256
0.008838617661679038,-1.0,0.2816895624009659,2.3602243657502404
-0.5008694142667678,-0.9753522270501687,0.862609800440783,0.17322771201803006
-0.56692664957813,0.0932531350431236,-1.0,-0.47145926886011047
-0.33710913983841406,-0.8277839442548793,0.41137042730646245,1.4307244460213944
0.3933802165196263,-0.34135716874862343,-0.9539199768686837,-3.3227631708375704
-1.0,-0.002921606407989774,-0.19018770430025733,-2.9807272543560894
0.02601299257955647,-0.5661499475001781,1.0,-2.624537626297556
0.36537457766707093,0.682245297645703,0.3664073627983937,1.3266857646209227
1.0,-0.6001702917055358,0.48293769369785533,3.8551676352834576
0.22518946001743778,-0.26795270481890476,-0.6847061635250866,0.552989942561062
0.16480628799821462,0.34077458705410124,0.19400926243171335,1.2259978371357128
1.0,1.0,0.3482644374458306,13.518509431754302
-0.02970903573149819,0.8520678816306189,0.9332990158113657,7.671761743610369
-1.0,1.0,0.08454087114404207,7.178696709853606
0.2894666801876913,-0.8885626283442389,0.32426586109584177,1.3875359439349928
-1.0,0.337495968763748,-0.8433129375078205,6.827815791321535
0.8216083064078046,-1.0,0.42887634926988727,-4.144227960078783
0.9928081880073938,-0.2273099340484217,-0.97942943475097,6.208488690603918
0.2719378781790056,-0.17237875296863336,-0.8229517880996249,0.06211511467206003
0.6327189447991182,0.09283583307038379,0.35033449080072043,1.6469720806848218
-1.0,0.8687225106087078,0.40703948743992235,-1.5348908959688665
-0.08209171618189037,1.0,-0.9906759799245188,4.122695192830051
-1.0,0.9804714586901746,1.0,17.20707929231036
-0.23228202993265556,-1.0,0.19130244297628107,3.1403213613929593
-0.7087844261990657,-1.0,-0.9063627737503714,-4.12780315557606
0.1126882761263579,-1.0,-0.009445412222596872,1.9866002803541623
-0.4141241576330199,0.4311382000729935,-0.7950671623654091,-1.8294281058891464
0.7722323857291225,-1.0,-0.573150615741417,-7.783754361358659
1.0,-0.593028320924726,1.0,3.7665043458513985
-0.554095274706055,-0.40663638337670927,-0.770099167113039,0.4467764036663397
1.0,0.860453850322068,-0.9005536135318422,18.824506601757722
-0.1231080912105238,-1.0,0.737041991507738,-0.7684492860976977
-0.2529337280159105,0.5808885796603407,-1.0,-3.141073999050663
0.2790345720037499,-1.0,-1.0,-19.224360644830025
0.48322960942848825,-0.03395256116741119,-0.7792699434852617,0.9134409421710125
-1.0,0.6375643247648906,0.30375974642305015,-3.2719922994736055
0.04219787825656929,1.0,-0.9569427296502546,4.850361334922109
1.0,-0.8306293621947001,0.7861396040489554,0.9403952123348777
-0.6480325431638854,-0.5282779650489127,1.0,2.443441480531007
0.6505792570779094,-0.3107720479644045,0.2341112840318944,2.110995201380205
-0.19952503054715276,-0.9401878237864438,-0.6652574867367216,-1.9961521507335216
-1.0,0.403677981622397,-0.33795615628953035,-1.3171252445428192
-0.13957205277160534,1.0,1.0,13.724022148104098
0.3316728070557806,0.8606484904030764,0.15773037563740355,3.249422498802934
0.7361302788204636,-1.0,-0.2630279563514719,-2.996033674432291
-1.0,0.20722975421451428,1.0,3.907790181166475
1.0,0.013719692455887778,1.0,13.216627963087461
-0.06258051990658231,-0.4922005572079655,-0.7401766083252188,-0.6081373378320147
-1.0,1.0,0.4437058563264926,2.0595872810465794
-1.0,1.0,-0.1299722355387174,10.045244641887608
1.0,-1.0,1.0,-9.065307081433978
-0.20325981274683103,0.27096064356774585,1.0,1.8262487574478943
-0.03375387562348564,-1.0,0.8874912369043395,-3.6378030773277974
-0.8423946540073006,1.0,0.7983783783194149,5.553760549189632
0.022279723460130407,-0.22875602834780273,1.0,-0.14065197812171704
-1.0,-0.16551017103437982,-1.0,9.020630228991369
-0.06840820837625206,-1.0,-0.4312174887826019,1.242734512557516
-0.7225518297693554,-0.9510430367958089,-0.11928988148957242,5.659096846610306
0.4397898439643577,-0.48855352402670205,-1.0,-5.907597845867065
-0.4209680912002405,-0.6730380664937228,-0.15385488140964365,2.0210535856957055
-1.0,-0.36426237684767915,-0.31845995975104224,-3.151349882800214
0.2088507460526805,0.4363097876524311,-0.21461922384530885,1.3127290807656533
-0.9155417534835015,-1.0,0.7885184270873478,13.171186315438842
-0.18802727780021966,-0.07216539001619493,1.0,0.3346896487561253
-1.0,-0.08467778022279338,-0.12114763569064069,-4.338791784933538
-0.4072893262167434,-0.19794535531121116,-1.0,-1.7050904689990831
-0.5797150405320539,-0.024279047701691203,1.0,1.7918225102635101
-0.4983646220668696,0.20116894950561837,1.0,2.3688809185257673
-0.9526694777696456,0.5170359581424102,-0.30169015620061934,-1.5346620423196784
-0.5438039688744052,0.29988281434055897,-0.12680102937386062,-1.3630815961034861
0.09075190120381094,-0.183104796039802,-0.16710721441818976,2.0895076721542596
0.25499570382562253,-0.5470089239444669,-0.7740702101159231,-0.5658281211858998
1.0,0.28761958149020495,-1.0,10.713524503640624
0.7448720878871127,0.5643371443397474,1.0,8.865729337505384
0.023240354616003378,-0.6634104960976193,-0.16475874808740265,1.424465747252281
-0.09565013598304017,0.7140598954927744,-1.0,-4.292796223602241
0.005825844449358186,0.04004863211030374,-0.9194044502235521,-1.9290393915843593
-0.2234213660522193,0.01559101197174284,-1.0,-2.514369537262693
-1.0,1.0,-0.4457225336706403,11.660913810652424
-0.4842770086672723,0.5492892917582683,1.0,5.041716990202651
-1.0,0.7292878506360039,-0.3967464609906659,2.93861875796047
-0.9342709012968875,0.42791622131596885,0.9151732154103907,0.016423742116083884
0.24668077819816858,0.38871896546523654,-0.6747502514102162,0.40076233675792466
0.039236681650362204,0.5856170824919094,-0.847294563235145,-1.256492833636878
-0.2450512877076816,-0.4729389200916112,1.0,-0.8406219159740651
0.8933850420226865,-0.9799838093890665,-0.8652423674970848,-16.310122337915516
-0.7920811554407508,1.0,0.2957120710372281,3.0780232744724767
-0.6510840245525853,1.0,-0.6482726667218321,3.9546621542881146
0.9375343047263387,0.09339590947758403,-0.2210000556835101,3.1854371107106387
0.9240676063625763,0.3190941713906428,1.0,13.364814681712744
1.0,0.45263227143668594,0.02301216589581978,6.832184283694603
0.714502453376832,0.6553881963583139,0.5223869588219086,4.248549823502727
-1.0,-1.0,0.08745288358202208,8.221478543777845
1.0,0.8678099506126098,0.6052350420711072,13.5288579198545
0.524678825576484,-0.5333325023068307,0.3893562206416381,1.4754268991055728
-1.0,-1.0,-0.0951064334754601,6.911829608463187
-0.13505202022767504,1.0,-1.0,2.159496926762891
1.0,0.0036336339621174663,0.39194840396715147,6.141201015070493
0.4768005778778437,-0.11442633962379545,0.6404579651907594,0.6080855001710221
0.5159260907289969,-0.4688568959787771,-0.08151250646082575,1.2398190479454365
-0.8967883350143775,0.3244997971335952,-0.4402671425681146,-1.1036818886786963
0.18731848689215247,-1.0,0.895530067626999,-3.9130988659934247
-0.8458980409993528,0.14596928819095067,0.7220583435408858,-1.1919568703156436
-1.0,-0.14208190015951283,-0.6845110969796349,-0.1395350545534575
-0.8467173840930338,-1.0,1.0,9.247604837894537
-0.412062870637635,0.22076792152574964,-0.1687391406547436,-0.9879436165171768
0.7978892028210307,0.003052234511571994,0.5739259412722773,3.1201737302321177
-0.09842429134158759,0.21473974151628084,1.0,1.8255037609100833
1.0,-0.10192037694158529,0.0589242411408708,4.623413098345182
0.2472858300709413,0.5976700721895032,-0.6619409536675485,0.6665370135990245
-0.05205582239823703,-0.1430852335036059,0.18611045538783189,1.4145834659568295
-0.5634312188695969,0.47265457971654223,-0.2088453841895348,-1.724100455377503
0.5152748460037933,0.0941393718568484,0.38303506432601186,1.2047489945874588
1.0,-1.0,-0.5014339396060807,-11.076791667183889
-0.3828875223088899,0.0210602077382831,-1.0,-1.590253335391462
1.0,0.03176391312606652,0.4863406021072876,6.909585761162923
0.7269497591350489,0.5307150056655523,-1.0,0.7455483366293064
-0.490651737430015,-0.2297977453641935,1.0,0.75976064172027
-0.3971722865750582,0.7489602639315398,0.6961095224987299,1.8733439866148967
-0.4484782393073121,-1.0,-0.7369487057734889,-2.8728639362180504
0.8949292270275857,0.3619813772170941,0.2729490113150055,4.888605394884235
-0.7884260274563741,0.8199028178502674,-0.40428451419472045,-0.9150101569370753
-1.0,-0.17086144695281757,-0.3616453245728759,-3.105156069594112
0.06069534289010314,-0.3218041028543166,0.8939380439129809,-0.8552444151140672
0.7776184840783791,-0.282456100492531,0.27135880771362975,2.0183910024201364
-0.5421183097067401,1.0,1.0,16.60035957000353
0.419523474894989,-0.7192662926979465,0.7609917811976086,-0.7416182333763786
-0.05769713836632895,0.5264300871639604,-0.17092208454402003,0.14767090241194689
-0.9621632626409473,-0.1730943134525469,0.6802921953882544,-1.095323134262023
0.07916413027254476,-0.6610302558410008,-1.0,-7.716659822227802
-0.3431819137110268,0.2259677211508757,0.6454680609716463,-0.4147373526347216
-0.7941512642184227,-0.6862405944906782,-0.052026220732100725,2.3374721082212555
0.3649617170362074,-1.0,-0.002839045436307863,1.0696171082338117
0.8097223353901335,0.1396785040549744,-0.015677424156739228,2.2745476122682686
0.07250330318157272,0.3101223737129797,-1.0,-3.6545361600426607
1.0,-0.08896386691830327,0.649282351987452,7.631061328132354
0.23296970373195736,-0.733933830430882,-0.05912999389715923,1.6272565658016256
-0.7528207086605891,-0.4355444906621928,-0.2769062148603172,-0.018664963719583927
-0.09548891333150666,0.34714756858880436,-0.10663635110883463,-0.3493235705849459
0.6656698436513142,-0.020900493689084643,1.0,0.5707235402057896
1.0,0.7783167064426366,-0.19672382386495313,8.153379919710975
-0.13390837043708914,1.0,0.16693121283437007,7.877584262854495
0.5464758023845853,-0.9086375123688408,-0.20583895493179183,0.9230640762366349
-0.16866189310117585,1.0,0.4392197524773185,7.464475360461624
-1.0,0.3687893429734417,0.7142601015670305,-3.7508025137626886
1.0,0.6326353404506875,-0.9079878689132812,12.081122796840281
-0.4910213161851531,-0.7962546161701745,-0.22946907622473955,1.6939470557803018
1.0,-0.4143055313341113,-0.12218562988846426,4.144438330350602
-0.9994444479252194,0.28766055230007126,-1.0,15.516101537157313
0.4972185940953153,-0.3477753538284878,-1.0,-4.662333740632718
1.0,-0.34833299420478814,0.33898621505640136,5.097514835474326
-0.9100720663750235,0.0527605575543324,0.709163337079808,-1.8726769808465635
0.539177610754547,0.5304729702914388,-1.0,-2.4002522113715767
-0.9666077709990095,0.3109630655300599,1.0,3.5826414122253323
-1.0,1.0,0.27253096337898164,4.702655059163325
0.29658534909615253,-0.6002395880852021,0.34278009232724016,0.9401900819057204
0.342384533458721,0.28259999983442574,-0.20756599990283298,0.8529489028060636
1.0,-0.07892529983516461,0.14673547477588733,4.886066085290366
-0.2311514777594179,0.8714082663434504,-0.5273496804600439,2.6394249261606793
-0.9530536543498569,1.0,-0.3501466427887432,8.444184715533456
-0.2315633976410172,-0.37915451300896463,-0.35824963050063663,0.6013118917251555
-0.8115428408484127,0.20460942838128116,-0.6547990877923369,-0.3262112947259275
0.11805900253170631,1.0,-0.5687923882863264,10.525065103231768
-0.09969557447108257,0.2556395462247574,-0.29020364765045525,0.2863967291907317
-0.42485300284024285,0.9023112437270016,-0.7789829196488907,1.0892238534201086
-0.6069837698346183,-1.0,-0.0446235382547584,4.899728498116618
1.0,-0.8536423365521415,-0.17049261363021628,-0.46141685061244647
0.27965530351233014,1.0,1.0,9.92479357943028
-1.0,-0.2469944842917553,-0.9772324952391322,6.627793416825383
0.16433899329560564,-0.7771595778845284,-0.5037270659826341,0.776887978093384
-0.3581969436093033,0.10840687882096733,0.13612264387646245,-1.0116220413381452
0.31884667822552215,-1.0,0.420921516666545,0.9157589614458738
0.1047708488764334,-0.4691087037318602,-1.0,-5.465899826024779
-0.21694614473129126,0.9374205598201977,-0.4267826349144266,4.707964764688945
0.15004872177416262,1.0,0.6977673721574507,8.330234453813326
1.0,-0.7874003456314282,0.1648530360436098,0.9656675478313057
1.0,-0.8799961533691814,0.7832426792909339,-0.6523066758176864
-1.0,0.1973494366318076,-1.0,14.558436058318733
-0.6187082484993536,-1.0,0.07356108736674583,4.77609001387623
-0.1300351093452543,-0.4065380791228381,-1.0,-4.525292062617199
1.0,0.660058740096994,0.43894987332889857,10.131208857922406
-0.31866185861965124,0.727897987690292,0.9689852548829105,6.634736585452507
1.0,0.8344800474400407,-0.32386601478683885,9.29878859940346
0.5233955851395748,0.7878093513668338,-0.6632391173778673,2.831839136564586
0.0614625252509744,1.0,-0.9390301176978209,6.329008420926516
-1.0,1.0,-0.6565722363069328,12.828844333376479
-1.0,0.9288026478616076,-0.6075052427052454,10.140929118611782
-0.13608637468073903,0.30118396138460257,-0.8589180087181127,-1.898180937906122
-0.07452611926801733,0.714256771610243,-0.4459748440632838,1.0488361296900586
-0.9798870007996483,0.7115315965987854,0.6728629787433316,-2.7656736909393156
1.0,-0.004350833200685633,0.6147259474944107,7.672440994411684
-0.47870017999828884,-0.1465805504340929,-1.0,-1.1176797136937793
-0.05250293099029357,-0.20094717583859856,0.16566393415283676,0.9771290950012209
-0.5374285092575177,-0.9456343830278837,1.0,-0.7546302501448708
-1.0,0.059263267308884426,0.13931804955531568,-4.945236529903584
0.06623162531892368,0.967071556594429,1.0,10.803945707116542
1.0,-1.0,0.8057270807786481,-6.184078228678793
