model,degree,alpha,cv_mse,shift_mse
ridge,1,0.01,8.714873674764195,15.40070464058419
ridge,1,0.1,8.714854828015614,15.400734544377883
ridge,1,1.0,8.714668354437148,15.401034521356296
ridge,1,3.0,8.714266817121384,15.401707157931627
ridge,1,10.0,8.712996420152326,15.40412359311152
ridge,1,30.0,8.710418152720305,15.41148780526782
ridge,1,100.0,8.710484159095301,15.440493774683627
ridge,2,0.01,2.971166453794789,7.547275316634532
ridge,2,0.1,2.9711362022204777,7.547423676505117
ridge,2,1.0,2.970854151297992,7.548921893481917
ridge,2,3.0,2.970358385165602,7.552344922692542
ridge,2,10.0,2.969970748145652,7.565291051182818
ridge,2,30.0,2.9787597998657853,7.609400453273349
ridge,2,100.0,3.081704769597037,7.815226892185039
ridge,3,0.01,0.9838210145765645,2.1560485270801992
ridge,3,0.1,0.9836512923666791,2.1565082685015824
ridge,3,1.0,0.982139999260484,2.1608729758092124
ridge,3,3.0,0.9797891817216957,2.169305832749019
ridge,3,10.0,0.9783656177346346,2.190874027930155
ridge,3,30.0,1.0000831720417316,2.237728901090588
ridge,3,100.0,1.168611178894929,2.4741399368266928
ridge,4,0.01,0.8107434683939342,2.317639950397406
ridge,4,0.1,0.8088051690964324,2.313468400615352
ridge,4,1.0,0.7938383323063225,2.2846089198554553
ridge,4,3.0,0.7766791699907845,2.270023769920638
ridge,4,10.0,0.766053285717071,2.3625565833694893
ridge,4,30.0,0.7913256747419674,2.617984285614914
ridge,4,100.0,0.9065392720544325,2.929315457604038
ridge,5,0.01,1.8356981342538838,6.2702507778257095
ridge,5,0.1,1.548575160908798,5.64226914076584
ridge,5,1.0,0.8772113848046039,3.4342371811469055
ridge,5,3.0,0.6487977900958184,2.2609948408855787
ridge,5,10.0,0.5380023547649426,1.5684758774554404
ridge,5,30.0,0.5382476837256049,1.5835100093708532
ridge,5,100.0,0.628650714471942,1.8570405593578747
ridge,6,0.01,25.502617922891037,75.8592218980164
ridge,6,0.1,7.337098732185344,45.414771547224966
ridge,6,1.0,1.7388933248786678,16.11123101234298
ridge,6,3.0,1.0083018855502794,9.174479427077895
ridge,6,10.0,0.6997077934414399,4.750946406355148
ridge,6,30.0,0.6221989360013864,3.318512557513367
ridge,6,100.0,0.661370757647754,3.6430200739018157
ridge,7,0.01,8.504843304674523,46.97251818818158
ridge,7,0.1,5.480135762231468,40.98823401585168
ridge,7,1.0,2.046414503907361,23.26815633025798
ridge,7,3.0,1.2675186318085256,14.234373163552664
ridge,7,10.0,0.8364869446741133,7.634395621576079
ridge,7,30.0,0.6784448358794655,5.551144295855927
ridge,7,100.0,0.6654404980687865,5.942402178720412
ridge,8,0.01,5.473627498628595,63.74883243427663
ridge,8,0.1,4.667554954886347,59.20316729268508
ridge,8,1.0,2.6129362966314997,44.14404089588129
ridge,8,3.0,1.721958163380097,34.51543674127649
ridge,8,10.0,1.1128697867147017,22.32165520766712
ridge,8,30.0,0.8396116320917001,14.62797745747312
ridge,8,100.0,0.7563422173190288,11.967235071950396
lasso,1,0.005,8.712772153935752,15.394608320260328
lasso,1,0.01,8.71100624894294,15.3890467215734
lasso,1,0.02,8.708825512647177,15.379489101826648
lasso,1,0.03,8.708686646049179,15.372018682344947
lasso,1,0.05,8.713535864595745,15.363341243263847
lasso,2,0.005,2.964364747373681,7.582541830503742
lasso,2,0.01,2.9613842381124673,7.619865224595424
lasso,2,0.02,2.961462851024838,7.698366374577507
lasso,2,0.03,2.9692753990592338,7.769056836341665
lasso,2,0.05,2.9968673964306545,7.909028770500328
lasso,3,0.005,0.9623418012162736,2.1620109400606977
lasso,3,0.01,0.9648770586742362,2.1042949591616806
lasso,3,0.02,0.9818066607611386,2.1219787906457284
lasso,3,0.03,1.010033822130553,2.249783091343081
lasso,3,0.05,1.088666831052759,2.4700472098301742
lasso,4,0.005,0.665648460451672,1.988280629982659
lasso,4,0.01,0.648114183875423,1.8730596412157419
lasso,4,0.02,0.6592804344847261,1.817323041083286
lasso,4,0.03,0.6964026376363813,1.8897825797138224
lasso,4,0.05,0.7939845940764846,2.084897531186508
lasso,5,0.005,0.3671628408164058,0.9000827696839767
lasso,5,0.01,0.35441970408196977,0.8389095713522378
lasso,5,0.02,0.3813141576027833,0.7892025703396475
lasso,5,0.03,0.4227701493409498,0.7755098677351906
lasso,5,0.05,0.5215951134874603,0.8515181438744158
lasso,6,0.005,0.3931182496730528,1.326891342788939
lasso,6,0.01,0.3741378387942789,0.9962284775874635
lasso,6,0.02,0.3958132692240403,0.8702574306508798
lasso,6,0.03,0.4352934525724774,0.8297301876495686
lasso,6,0.05,0.5303867417974856,0.8442392135062422
lasso,7,0.005,0.414350537088595,2.039834971222758
lasso,7,0.01,0.39176075308381875,1.2737859290616476
lasso,7,0.02,0.4043715295828342,1.0636558994441263
lasso,7,0.03,0.4405804692697628,0.9678929487899915
lasso,7,0.05,0.5333386344582645,0.873884064387215
